year	event	source
2004	The Musical Gestures project begins	Lab director, October 2026; fourms/About/history
2006	The first dedicated lab, in a basement	fourms/About/history
2008	Sensing Music-related Actions, with informatics; the name fourMs; national infrastructure	fourms/About/history ; INFRA 2020 p8
2011	A black box in the musicology building	fourms/About/history
2017	The collaboration grows into RITMO; the first MusicLab	fourms/About/history ; RITMO final report, events
2018	Custom-built lab in Harald Schjelderups hus	fourms/About/history ; INFRA 2020 p4
2019	Full-time lab engineer; UiO:Life Science core facility	fourms/About/organization ; INFRA 2020 p8
2022	fourMs Lab Upgrade: Research Council funding to 2031	RITMO final report, Year by Year 2022 (board, January 2022); Research Council of Norway, fourMs Lab Upgrade contract (2022 to 2031)
2026	HumSam core facility at UiO	Lab director, October 2026
2027	HumanLab: the lab joins linguistics in a new shared laboratory (planned)	Lab director, October 2026; RITMO final report, Legacy
